<?xml version="1.0" encoding="UTF-8"?>
<beans xmlns="http://www.springframework.org/schema/beans"
    xmlns:xsi="http://www.w3.org/2001/XMLSchema-instance"
    xmlns:ctx="http://www.springframework.org/schema/context"
    xmlns:aop="http://www.springframework.org/schema/aop"
    xmlns:c="http://www.springframework.org/schema/c" 
    xsi:schemaLocation="http://www.springframework.org/schema/beans
        http://www.springframework.org/schema/beans/spring-beans.xsd
        http://www.springframework.org/schema/context
	    http://www.springframework.org/schema/context/spring-context.xsd
	    http://www.springframework.org/schema/aop		
        http://www.springframework.org/schema/aop/spring-aop.xsd">
		
	    <ctx:annotation-config></ctx:annotation-config>
	     	     
	    <ctx:component-scan base-package="com.yash.*"></ctx:component-scan>
	  
	  <aop:aspectj-autoproxy></aop:aspectj-autoproxy>
	  
	<bean id="dataSource" class="com.yash.integrate.DataSource">
	<property name="driver" value="com.mysql.jdbc.Driver"></property>
	<property name="url" value="jdbc:mysql://localhost:3306/test"></property>
	<property name="username" value="root"></property>
	<property name="password" value="root"></property>
	</bean>
	 
	<!-- Spring AOP XML Config
	 
	<bean id="logAspect" class="com.yash.aspect.LoggingAspect"></bean>
	
	<aop:config>
	<aop:pointcut expression="execution(* com.yash.*.*.*(..))" id="debugAllPackages"/>
	<aop:pointcut expression="execution(* com.yash.controller.StudentController.retrieveAllStudents(..))"
	 id="retrieveAllStudents"/>
	
	<aop:aspect id="logAspect" ref="logAspect">
	<aop:before method="beforeAdvice" pointcut-ref="debugAllPackages"/>
	<aop:after method="afterAdvice" pointcut-ref="debugAllPackages"/>
	<aop:after-returning method="afterReturning" pointcut-ref="debugAllPackages" returning="result"/>
	<aop:after-throwing method="afterThrowing" pointcut-ref="debugAllPackages" throwing="error"/>
	<aop:around method="aroundAdvice" pointcut-ref="retrieveAllStudents"/>
	</aop:aspect>
	</aop:config>
-->
</beans>



	